blog.holbertonschool.com,[192.0.78.230]
blog.holbertonschool.com,[192.0.78.131]
v2.holbertonschool.com,[34.203.198.145]
staging-rails-assets-apply.holbertonschool.com,[3.161.119.103]
staging-rails-assets-apply.holbertonschool.com,[3.161.119.26]
staging-rails-assets-apply.holbertonschool.com,[3.161.119.100]
staging-rails-assets-apply.holbertonschool.com,[3.161.119.109]
read.holbertonschool.com,[13.39.186.230]
read.holbertonschool.com,[35.180.6.147]
v3.holbertonschool.com,[54.89.246.137]
yriry2.holbertonschool.com,[52.47.143.83]
apply.holbertonschool.com,[15.188.218.54]
apply.holbertonschool.com,[13.36.62.51]
apply.holbertonschool.com,[13.36.159.193]
rails-assets.holbertonschool.com,[18.244.87.128]
rails-assets.holbertonschool.com,[18.244.87.87]
rails-assets.holbertonschool.com,[18.244.87.113]
rails-assets.holbertonschool.com,[18.244.87.43]
fr.webflow.holbertonschool.com,[104.17.201.193]
staging-apply-forum.holbertonschool.com,[13.38.122.220]
v1.holbertonschool.com,[54.86.136.129]
holbertonschool.com,[75.2.70.75]
lvl2-discourse-staging.holbertonschool.com,[13.38.216.13]
holbertonschool.com,[99.83.190.102]
staging-apply.holbertonschool.com,[13.37.67.17]
staging-apply.holbertonschool.com,[35.181.42.84]
help.holbertonschool.com,[75.2.70.75]
help.holbertonschool.com,[99.83.190.102]
support.holbertonschool.com,[216.198.54.6]
support.holbertonschool.com,[216.198.53.6]
assets.holbertonschool.com,[18.165.183.24]
assets.holbertonschool.com,[18.165.183.89]
assets.holbertonschool.com,[18.165.183.104]
assets.holbertonschool.com,[18.165.183.72]
fr.holbertonschool.com,[13.49.111.177]
fr.holbertonschool.com,[16.16.119.222]
fr.holbertonschool.com,[51.21.126.187]
webflow.holbertonschool.com,[13.49.111.177]
webflow.holbertonschool.com,[16.16.119.222]
www.holbertonschool.com,[13.49.111.177]
smile2021.holbertonschool.com,[13.49.111.177]
smile2021.holbertonschool.com,[16.16.119.222]
smile2021.holbertonschool.com,[51.21.126.187]
webflow.holbertonschool.com,[51.21.126.187]
www.holbertonschool.com,[16.16.119.222]
www.holbertonschool.com,[51.21.126.187]
en.fr.holbertonschool.com,[104.17.201.193]
